request_idx,actual_output_len,classification_pred_len,classification_score,ranking_score
0,300,409.5,9.0,0.7417
1,200,409.5,9.0,1.0342
2,199,409.5,9.0,2.2969
3,389,409.5,9.0,3.1816
4,359,409.5,9.0,-2.2988
5,269,409.5,9.0,2.4453
6,489,409.5,9.0,3.3281
7,320,409.5,9.0,1.0186
8,314,409.5,9.0,1.1504
9,549,409.5,9.0,-2.1934
10,210,409.5,9.0,2.9980
11,508,409.5,9.0,-0.5771
12,198,409.5,9.0,1.5049
13,352,409.5,9.0,1.3594
14,684,409.5,9.0,-0.1598
15,570,409.5,9.0,1.4756
16,62,409.5,9.0,5.2891
17,723,1228.5,8.0,-2.6855
18,253,409.5,9.0,2.9941
19,724,409.5,9.0,-0.3916
20,564,409.5,9.0,-0.9609
21,355,409.5,9.0,-2.7559
22,586,409.5,9.0,-2.3867
23,424,409.5,9.0,-2.5273
24,690,409.5,9.0,-1.1553
25,181,409.5,9.0,2.2148
26,25,409.5,9.0,8.0781
27,662,409.5,9.0,-2.8984
28,358,409.5,9.0,-2.6172
29,337,409.5,9.0,0.5327
30,336,409.5,9.0,1.6562
31,496,409.5,9.0,-0.6797
32,351,409.5,9.0,-2.3652
33,334,409.5,9.0,0.8584
34,236,409.5,9.0,-1.3369
35,319,409.5,9.0,2.2207
36,683,409.5,9.0,-2.1562
37,458,409.5,9.0,-1.5928
38,500,409.5,9.0,0.0663
39,41,409.5,9.0,5.8438
40,313,409.5,9.0,2.4531
41,9,409.5,9.0,6.3633
42,383,409.5,9.0,-1.0215
43,206,409.5,9.0,1.0625
44,907,409.5,9.0,-0.1504
45,346,409.5,9.0,1.8574
46,29,409.5,9.0,6.2930
47,1425,409.5,9.0,-1.9922
48,525,409.5,9.0,-3.2422
49,217,409.5,9.0,1.0312
50,1366,1228.5,8.0,-4.1289
51,284,409.5,9.0,1.0088
52,821,409.5,9.0,-3.5586
53,411,409.5,9.0,-0.3914
54,899,409.5,9.0,-3.3926
55,202,409.5,9.0,1.2236
56,190,409.5,9.0,3.9238
57,280,409.5,9.0,0.8711
58,245,409.5,9.0,-0.0377
59,504,409.5,9.0,-0.8042
60,715,409.5,9.0,-0.6001
61,195,409.5,9.0,-0.3823
62,488,409.5,9.0,-0.9937
63,172,409.5,9.0,0.9321
64,372,409.5,9.0,0.9707
65,512,1228.5,8.0,-2.5059
66,242,409.5,9.0,2.5527
67,59,409.5,9.0,5.3672
68,250,409.5,9.0,1.6846
69,808,409.5,9.0,-2.8887
70,93,409.5,9.0,2.1289
71,195,409.5,9.0,1.1631
72,629,1228.5,8.0,-2.9766
73,318,409.5,9.0,1.9258
74,306,409.5,9.0,-2.0000
75,333,409.5,9.0,-1.0674
76,353,409.5,9.0,-0.3184
77,397,1228.5,8.0,-5.2578
78,825,409.5,9.0,-2.7441
79,197,409.5,9.0,5.5664
80,565,409.5,9.0,-2.9688
81,292,409.5,9.0,2.2695
82,227,409.5,9.0,1.1924
83,154,409.5,9.0,0.6235
84,239,409.5,9.0,0.1693
85,558,409.5,9.0,-2.6113
86,881,409.5,9.0,-1.5488
87,252,409.5,9.0,1.9336
88,430,409.5,9.0,0.6841
89,584,409.5,9.0,-4.5195
90,456,409.5,9.0,-1.5312
91,300,409.5,9.0,0.9526
92,711,409.5,9.0,-4.0820
93,873,409.5,9.0,-4.7852
94,527,409.5,9.0,0.1389
95,1101,1228.5,8.0,-5.2383
96,425,409.5,9.0,-1.2100
97,610,409.5,9.0,-2.7793
98,309,409.5,9.0,0.1234
99,510,409.5,9.0,1.0244
100,317,409.5,9.0,2.8594
101,278,409.5,9.0,0.4358
102,55,409.5,9.0,3.4336
103,144,409.5,9.0,1.8740
104,215,409.5,9.0,2.8125
105,367,409.5,9.0,0.7344
106,751,409.5,9.0,-3.1094
107,592,409.5,9.0,-2.8242
108,612,409.5,9.0,-1.0654
109,519,409.5,9.0,-0.5112
110,233,409.5,9.0,1.4111
111,364,409.5,9.0,-0.4402
112,303,409.5,9.0,1.5693
113,185,1228.5,8.0,-3.2793
114,78,409.5,9.0,4.9102
115,251,409.5,9.0,0.7314
116,381,409.5,9.0,-1.0264
117,512,409.5,9.0,0.6182
118,808,409.5,9.0,-1.1494
119,388,409.5,9.0,0.9414
120,129,409.5,9.0,2.5898
121,557,409.5,9.0,-0.4497
122,229,409.5,9.0,0.2766
123,714,409.5,9.0,0.0610
124,190,409.5,9.0,-3.4004
125,445,409.5,9.0,-0.0258
126,63,409.5,9.0,3.9766
127,335,409.5,9.0,-1.1279
128,402,409.5,9.0,0.2115
129,634,409.5,9.0,0.2776
130,15,409.5,9.0,6.3164
131,380,409.5,9.0,1.5498
132,162,409.5,9.0,-3.3691
133,43,409.5,9.0,4.4805
134,1031,409.5,9.0,-3.8809
135,496,409.5,9.0,-1.0947
136,391,409.5,9.0,0.9424
137,676,409.5,9.0,-2.9727
138,416,409.5,9.0,-2.7441
139,134,409.5,9.0,-1.9746
140,146,409.5,9.0,2.9004
141,290,409.5,9.0,1.4189
142,515,409.5,9.0,-1.5381
143,598,409.5,9.0,0.3047
144,565,409.5,9.0,-2.7324
145,226,409.5,9.0,2.0645
146,402,409.5,9.0,1.8506
147,228,409.5,9.0,-0.0471
148,218,409.5,9.0,-1.4639
149,338,409.5,9.0,-0.5371
150,724,409.5,9.0,-1.6504
151,490,409.5,9.0,-1.7939
152,321,409.5,9.0,-0.5293
153,304,409.5,9.0,1.6621
154,417,409.5,9.0,0.7178
155,378,409.5,9.0,1.5098
156,207,409.5,9.0,2.7578
157,276,409.5,9.0,1.3047
158,686,409.5,9.0,-5.1367
159,257,409.5,9.0,1.2246
160,311,409.5,9.0,-1.5244
161,452,409.5,9.0,0.3740
162,128,409.5,9.0,1.8633
163,511,409.5,9.0,-1.5303
164,568,409.5,9.0,-0.0019
165,699,409.5,9.0,-1.1650
166,249,409.5,9.0,1.9463
167,636,409.5,9.0,1.9912
168,636,409.5,9.0,1.3818
169,684,409.5,9.0,-4.1641
170,6313,409.5,9.0,-1.3682
171,333,409.5,9.0,1.7686
172,137,409.5,9.0,3.7266
173,495,409.5,9.0,0.8809
174,97,409.5,9.0,0.0498
175,250,409.5,9.0,1.8359
176,379,409.5,9.0,1.0527
177,452,409.5,9.0,-4.5000
178,234,409.5,9.0,2.6191
179,744,409.5,9.0,-3.1172
180,43,409.5,9.0,6.5469
181,448,409.5,9.0,-0.0438
182,504,409.5,9.0,-1.0625
183,249,409.5,9.0,-2.8418
184,343,409.5,9.0,0.4663
185,45,409.5,9.0,3.3281
186,123,409.5,9.0,4.5625
187,197,409.5,9.0,2.1973
188,229,409.5,9.0,-1.0254
189,309,409.5,9.0,2.1816
190,170,409.5,9.0,3.7617
191,78,409.5,9.0,5.7578
192,1075,1228.5,8.0,-3.6836
193,120,409.5,9.0,3.1543
194,171,409.5,9.0,0.8906
195,569,409.5,9.0,-0.0076
196,232,409.5,9.0,1.9082
197,255,409.5,9.0,2.7383
198,292,409.5,9.0,0.6226
199,75,409.5,9.0,3.5957
200,674,409.5,9.0,-2.9023
201,234,409.5,9.0,2.5215
202,837,409.5,9.0,-2.8242
203,315,409.5,9.0,0.2397
204,360,409.5,9.0,1.8838
205,290,409.5,9.0,0.7861
206,624,409.5,9.0,-3.0781
207,608,409.5,9.0,-3.2930
208,85,409.5,9.0,1.7920
209,271,409.5,9.0,1.5439
210,276,409.5,9.0,0.2375
211,59,409.5,9.0,5.4141
212,231,409.5,9.0,-0.7534
213,197,409.5,9.0,2.4316
214,43,409.5,9.0,4.8633
215,647,409.5,9.0,-4.2461
216,540,409.5,9.0,-0.2810
217,422,409.5,9.0,2.7852
218,311,409.5,9.0,0.5010
219,9,409.5,9.0,1.4355
220,41,409.5,9.0,4.5859
221,540,409.5,9.0,-2.2891
222,265,409.5,9.0,2.3652
223,497,409.5,9.0,1.8398
224,365,409.5,9.0,0.2142
225,293,409.5,9.0,0.4780
226,755,1228.5,8.0,-5.5508
227,321,409.5,9.0,-0.7148
228,664,409.5,9.0,-0.4087
229,475,409.5,9.0,-1.1729
230,1013,409.5,9.0,-4.3047
231,4,409.5,9.0,0.4097
232,110,409.5,9.0,2.5000
233,279,409.5,9.0,2.4043
234,648,409.5,9.0,-0.6304
235,572,409.5,9.0,-4.2617
236,665,409.5,9.0,-2.2422
237,749,409.5,9.0,0.0527
238,236,409.5,9.0,2.1211
239,792,409.5,9.0,-2.4395
240,143,409.5,9.0,4.2578
241,311,409.5,9.0,1.9785
242,328,409.5,9.0,-0.4370
243,458,409.5,9.0,0.2517
244,95,409.5,9.0,3.1738
245,204,409.5,9.0,1.2090
246,851,409.5,9.0,-3.9316
247,439,409.5,9.0,1.8301
248,637,409.5,9.0,-4.4219
249,549,1228.5,8.0,-2.0156
250,405,409.5,9.0,2.2227
251,240,409.5,9.0,0.5342
252,467,409.5,9.0,-2.8066
253,316,409.5,9.0,1.2920
254,133,409.5,9.0,6.1406
255,292,409.5,9.0,0.8945
256,285,409.5,9.0,3.0664
257,897,409.5,9.0,-1.4609
258,286,409.5,9.0,-1.4121
259,25,409.5,9.0,7.8359
260,300,409.5,9.0,1.8516
261,621,1228.5,8.0,-1.6826
262,479,409.5,9.0,0.3936
263,272,409.5,9.0,1.8594
264,298,409.5,9.0,2.7793
265,36,409.5,9.0,2.4609
266,380,409.5,9.0,-2.0527
267,237,409.5,9.0,2.8223
268,274,409.5,9.0,-1.9473
269,397,409.5,9.0,-0.3059
270,579,409.5,9.0,-0.0168
271,545,409.5,9.0,-1.7480
272,283,409.5,9.0,-0.3147
273,372,409.5,9.0,0.9956
274,255,409.5,9.0,1.8643
275,691,409.5,9.0,1.4658
276,377,409.5,9.0,-0.7764
277,241,409.5,9.0,-0.3215
278,651,409.5,9.0,-1.3545
279,723,409.5,9.0,-3.0449
280,351,409.5,9.0,-0.7441
281,193,409.5,9.0,1.2822
282,234,409.5,9.0,1.4189
283,331,409.5,9.0,-0.4788
284,749,409.5,9.0,-2.3828
285,346,409.5,9.0,0.6646
286,304,409.5,9.0,1.1709
287,184,409.5,9.0,2.0176
288,36,409.5,9.0,6.5234
289,187,409.5,9.0,-0.6660
290,402,409.5,9.0,0.7407
291,379,409.5,9.0,-0.2194
292,402,409.5,9.0,3.0391
293,697,409.5,9.0,-1.6914
294,194,409.5,9.0,2.3184
295,303,409.5,9.0,2.6465
296,271,409.5,9.0,-0.0864
297,766,409.5,9.0,-3.6855
298,578,409.5,9.0,-1.9951
299,657,409.5,9.0,-4.0625
300,455,409.5,9.0,0.8770
301,159,409.5,9.0,3.9844
302,338,409.5,9.0,-0.7686
303,477,409.5,9.0,-2.6895
304,588,409.5,9.0,-3.3945
305,400,409.5,9.0,-0.6177
306,336,409.5,9.0,1.2676
307,495,409.5,9.0,-2.1660
308,329,409.5,9.0,0.5244
309,4,409.5,9.0,1.4805
310,512,409.5,9.0,-3.4824
311,635,409.5,9.0,-3.3906
312,22,409.5,9.0,0.2195
313,79,409.5,9.0,-1.8203
314,885,1228.5,8.0,-1.5938
315,285,409.5,9.0,0.4314
316,996,1228.5,8.0,-4.7070
317,373,409.5,9.0,0.7300
318,406,409.5,9.0,0.0661
319,310,409.5,9.0,1.1426
320,403,409.5,9.0,2.1465
321,784,409.5,9.0,-3.0039
322,284,409.5,9.0,1.9551
323,35,409.5,9.0,2.2422
324,133,409.5,9.0,1.0537
325,200,409.5,9.0,0.1932
326,432,409.5,9.0,1.6631
327,41,409.5,9.0,6.2969
328,601,409.5,9.0,-1.8271
329,4,409.5,9.0,-0.2284
330,434,409.5,9.0,0.6392
331,438,409.5,9.0,-1.7109
332,309,409.5,9.0,-2.3242
333,166,409.5,9.0,2.7012
334,327,409.5,9.0,1.1475
335,974,409.5,9.0,-2.4141
336,569,409.5,9.0,-3.0332
337,332,409.5,9.0,2.0625
338,269,409.5,9.0,2.0156
339,462,409.5,9.0,-0.4551
340,654,409.5,9.0,-4.3359
341,26,409.5,9.0,8.0156
342,155,409.5,9.0,-0.4441
343,629,1228.5,8.0,-4.2070
344,233,409.5,9.0,2.1309
345,160,409.5,9.0,5.2969
346,205,409.5,9.0,1.2217
347,455,409.5,9.0,-0.9092
348,334,409.5,9.0,-2.2871
349,457,409.5,9.0,-0.1405
350,526,409.5,9.0,-1.1123
351,313,409.5,9.0,1.1152
352,541,409.5,9.0,-3.0410
353,820,409.5,9.0,-4.0977
354,266,409.5,9.0,1.0186
355,463,409.5,9.0,0.5518
356,17,409.5,9.0,7.0703
357,440,409.5,9.0,0.2634
358,822,409.5,9.0,-1.6611
359,726,409.5,9.0,-2.3301
360,322,409.5,9.0,-0.6851
361,523,409.5,9.0,-2.0996
362,212,409.5,9.0,2.9883
363,13,409.5,9.0,3.0410
364,619,409.5,9.0,-2.9297
365,510,409.5,9.0,-1.2598
366,515,409.5,9.0,-3.0879
367,688,409.5,9.0,0.4272
368,257,409.5,9.0,-0.3608
369,739,409.5,9.0,-1.7461
370,227,409.5,9.0,1.9951
371,347,409.5,9.0,-0.8906
372,235,409.5,9.0,-0.9263
373,596,409.5,9.0,-1.3779
374,289,409.5,9.0,2.1973
375,670,409.5,9.0,-2.3555
376,271,409.5,9.0,1.6807
377,348,409.5,9.0,-3.8652
378,154,409.5,9.0,-0.0469
379,634,409.5,9.0,0.6118
380,246,409.5,9.0,1.9209
381,26,409.5,9.0,8.0156
382,611,409.5,9.0,-2.9648
383,596,409.5,9.0,-2.6797
384,409,409.5,9.0,-2.1875
385,527,409.5,9.0,1.6982
386,827,1228.5,8.0,-7.0625
387,561,409.5,9.0,-1.3818
388,30,409.5,9.0,3.4824
389,585,409.5,9.0,-1.7168
390,410,409.5,9.0,0.4067
391,456,409.5,9.0,0.7959
392,392,409.5,9.0,-1.0996
393,137,409.5,9.0,3.5859
394,377,409.5,9.0,0.0502
395,831,409.5,9.0,-3.3887
396,250,409.5,9.0,1.3076
397,47,409.5,9.0,5.8594
398,290,409.5,9.0,2.9141
399,170,409.5,9.0,1.9639
400,590,409.5,9.0,-4.3867
401,273,409.5,9.0,0.4729
402,759,409.5,9.0,-2.7773
403,344,409.5,9.0,0.3574
404,910,1228.5,8.0,-3.4316
405,310,409.5,9.0,0.7505
406,533,409.5,9.0,-1.8193
407,79,409.5,9.0,2.6621
408,638,1228.5,8.0,-2.7168
409,518,409.5,9.0,-1.9668
410,767,409.5,9.0,-3.2559
411,257,409.5,9.0,0.7764
412,623,409.5,9.0,-0.9604
413,543,1228.5,8.0,-5.4062
414,418,1228.5,8.0,-3.6680
415,584,409.5,9.0,-1.0293
416,313,409.5,9.0,1.5918
417,621,409.5,9.0,-2.8262
418,197,409.5,9.0,0.6089
419,1133,1228.5,8.0,-4.3359
420,111,409.5,9.0,2.9043
421,331,409.5,9.0,0.5088
422,224,409.5,9.0,1.4531
423,412,409.5,9.0,-2.5469
424,348,409.5,9.0,2.2500
425,134,409.5,9.0,3.7188
426,509,409.5,9.0,1.8613
427,289,409.5,9.0,-0.5605
428,736,1228.5,8.0,-4.7070
429,180,409.5,9.0,0.0009
430,23,409.5,9.0,3.3691
431,245,409.5,9.0,-1.3730
432,222,409.5,9.0,0.7222
433,339,409.5,9.0,-0.4329
434,359,1228.5,8.0,-2.4336
435,209,409.5,9.0,-0.1432
436,384,409.5,9.0,1.4150
437,179,409.5,9.0,-0.3394
438,441,409.5,9.0,-1.7920
439,469,409.5,9.0,0.1727
440,668,409.5,9.0,-0.4702
441,419,409.5,9.0,-0.7676
442,197,409.5,9.0,2.6074
443,600,409.5,9.0,-1.0879
444,257,409.5,9.0,-3.5332
445,227,409.5,9.0,-1.2090
446,506,409.5,9.0,1.2461
447,897,409.5,9.0,2.4590
448,1005,1228.5,8.0,-4.4062
449,364,409.5,9.0,1.3760
450,273,409.5,9.0,-2.2676
451,963,409.5,9.0,-2.5605
452,646,409.5,9.0,-1.8447
453,597,1228.5,8.0,-4.3008
454,674,409.5,9.0,1.0859
455,17,1228.5,8.0,-3.2520
456,266,409.5,9.0,0.8364
457,781,1228.5,8.0,-2.0527
458,429,409.5,9.0,0.0325
459,295,409.5,9.0,4.1719
460,377,409.5,9.0,-0.7388
461,701,409.5,9.0,-0.1475
462,587,409.5,9.0,1.0459
463,418,409.5,9.0,-1.4209
464,358,409.5,9.0,-0.7334
465,389,409.5,9.0,0.5317
466,460,409.5,9.0,1.6045
467,198,409.5,9.0,1.7354
468,267,409.5,9.0,-0.8931
469,168,409.5,9.0,0.4539
470,641,1228.5,8.0,-3.0781
471,688,409.5,9.0,-1.6436
472,483,409.5,9.0,-1.1650
473,419,409.5,9.0,-0.6279
474,139,409.5,9.0,1.9355
475,341,409.5,9.0,1.5889
476,356,409.5,9.0,1.3867
477,325,409.5,9.0,2.5488
478,504,409.5,9.0,1.4580
479,406,409.5,9.0,-0.8242
